date,product_id,units_sold,price_at_sale,promo_flag
2025-07-28,P1000,12,3.81,0
2025-07-29,P1000,16,3.81,0
2025-07-30,P1000,26,3.81,0
2025-07-31,P1000,10,3.81,0
2025-08-01,P1000,14,3.81,0
2025-08-02,P1000,19,3.81,0
2025-08-03,P1000,23,3.81,0
2025-08-04,P1000,17,3.81,0
2025-08-05,P1000,15,3.81,0
2025-08-06,P1000,15,3.81,0
2025-08-07,P1000,19,3.81,0
2025-08-08,P1000,12,3.81,0
2025-08-09,P1000,26,3.81,0
2025-08-10,P1000,18,3.81,0
2025-08-11,P1000,17,3.81,0
2025-08-12,P1000,13,3.81,0
2025-08-13,P1000,22,3.81,0
2025-08-14,P1000,15,3.81,0
2025-08-15,P1000,14,3.81,0
2025-08-16,P1000,28,3.81,0
2025-08-17,P1000,19,3.81,0
2025-08-18,P1000,18,3.81,0
2025-08-19,P1000,20,3.47,1
2025-08-20,P1000,12,3.81,0
2025-08-21,P1000,13,3.81,0
2025-08-22,P1000,20,3.81,0
2025-08-23,P1000,22,3.81,0
2025-08-24,P1000,17,3.81,0
2025-08-25,P1000,13,3.81,0
2025-08-26,P1000,14,3.81,0
2025-08-27,P1000,10,3.81,0
2025-08-28,P1000,20,3.81,0
2025-08-29,P1000,13,3.81,0
2025-08-30,P1000,24,3.81,0
2025-08-31,P1000,24,3.81,0
2025-09-01,P1000,21,3.81,0
2025-09-02,P1000,17,3.81,0
2025-09-03,P1000,18,3.81,0
2025-09-04,P1000,12,3.81,0
2025-09-05,P1000,22,3.81,0
2025-09-06,P1000,19,3.81,0
2025-09-07,P1000,18,3.81,0
2025-09-08,P1000,17,3.81,0
2025-09-09,P1000,19,3.81,0
2025-09-10,P1000,13,3.81,0
2025-09-11,P1000,23,3.81,0
2025-09-12,P1000,14,3.81,0
2025-09-13,P1000,23,3.81,0
2025-09-14,P1000,19,3.81,0
2025-09-15,P1000,20,3.81,0
2025-09-16,P1000,22,3.81,0
2025-09-17,P1000,18,3.81,0
2025-09-18,P1000,15,3.81,0
2025-09-19,P1000,16,3.81,0
2025-09-20,P1000,34,3.25,1
2025-09-21,P1000,23,3.81,0
2025-09-22,P1000,8,3.81,0
2025-09-23,P1000,17,3.81,0
2025-09-24,P1000,17,3.81,0
2025-09-25,P1000,19,3.81,0
2025-07-28,P1001,13,5.06,0
2025-07-29,P1001,22,5.06,0
2025-07-30,P1001,12,5.06,0
2025-07-31,P1001,4,5.06,0
2025-08-01,P1001,14,5.06,0
2025-08-02,P1001,12,5.06,0
2025-08-03,P1001,18,5.06,0
2025-08-04,P1001,13,5.06,0
2025-08-05,P1001,7,5.06,0
2025-08-06,P1001,19,5.06,0
2025-08-07,P1001,12,5.06,0
2025-08-08,P1001,10,5.06,0
2025-08-09,P1001,23,4.35,1
2025-08-10,P1001,13,5.06,0
2025-08-11,P1001,17,5.06,0
2025-08-12,P1001,11,5.06,0
2025-08-13,P1001,13,5.06,0
2025-08-14,P1001,20,5.06,0
2025-08-15,P1001,20,5.06,0
2025-08-16,P1001,9,5.06,0
2025-08-17,P1001,19,5.06,0
2025-08-18,P1001,11,5.06,0
2025-08-19,P1001,17,5.06,0
2025-08-20,P1001,16,4.58,1
2025-08-21,P1001,14,5.06,0
2025-08-22,P1001,6,5.06,0
2025-08-23,P1001,15,5.06,0
2025-08-24,P1001,16,5.06,0
2025-08-25,P1001,13,5.06,0
2025-08-26,P1001,5,5.06,0
2025-08-27,P1001,15,5.06,0
2025-08-28,P1001,12,5.06,0
2025-08-29,P1001,6,5.06,0
2025-08-30,P1001,20,5.06,0
2025-08-31,P1001,17,5.06,0
2025-09-01,P1001,11,5.06,0
2025-09-02,P1001,12,5.06,0
2025-09-03,P1001,16,5.06,0
2025-09-04,P1001,15,5.06,0
2025-09-05,P1001,22,5.06,0
2025-09-06,P1001,24,5.06,0
2025-09-07,P1001,14,4.49,1
2025-09-08,P1001,12,5.06,0
2025-09-09,P1001,20,4.74,1
2025-09-10,P1001,21,5.06,0
2025-09-11,P1001,14,5.06,0
2025-09-12,P1001,12,5.06,0
2025-09-13,P1001,17,5.06,0
2025-09-14,P1001,12,5.06,0
2025-09-15,P1001,16,5.06,0
2025-09-16,P1001,17,4.48,1
2025-09-17,P1001,11,5.06,0
2025-09-18,P1001,15,5.06,0
2025-09-19,P1001,21,5.06,0
2025-09-20,P1001,13,5.06,0
2025-09-21,P1001,10,5.06,0
2025-09-22,P1001,14,5.06,0
2025-09-23,P1001,12,5.06,0
2025-09-24,P1001,4,5.06,0
2025-09-25,P1001,7,5.06,0
2025-07-28,P1002,4,1.31,0
2025-07-29,P1002,4,1.31,0
2025-07-30,P1002,5,1.31,0
2025-07-31,P1002,6,1.31,0
2025-08-01,P1002,2,1.31,0
2025-08-02,P1002,10,1.31,0
2025-08-03,P1002,7,1.31,0
2025-08-04,P1002,4,1.31,0
2025-08-05,P1002,7,1.31,0
2025-08-06,P1002,6,1.31,0
2025-08-07,P1002,4,1.31,0
2025-08-08,P1002,2,1.31,0
2025-08-09,P1002,8,1.31,0
2025-08-10,P1002,7,1.31,0
2025-08-11,P1002,5,1.31,0
2025-08-12,P1002,8,1.31,0
2025-08-13,P1002,7,1.31,0
2025-08-14,P1002,6,1.31,0
2025-08-15,P1002,9,1.19,1
2025-08-16,P1002,9,1.31,0
2025-08-17,P1002,4,1.31,0
2025-08-18,P1002,11,1.31,0
2025-08-19,P1002,7,1.31,0
2025-08-20,P1002,1,1.31,0
2025-08-21,P1002,6,1.31,0
2025-08-22,P1002,6,1.31,0
2025-08-23,P1002,7,1.31,0
2025-08-24,P1002,5,1.31,0
2025-08-25,P1002,5,1.31,0
2025-08-26,P1002,5,1.31,0
2025-08-27,P1002,2,1.31,0
2025-08-28,P1002,1,1.31,0
2025-08-29,P1002,5,1.31,0
2025-08-30,P1002,4,1.31,0
2025-08-31,P1002,3,1.31,0
2025-09-01,P1002,6,1.31,0
2025-09-02,P1002,9,1.31,0
2025-09-03,P1002,6,1.31,0
2025-09-04,P1002,6,1.23,1
2025-09-05,P1002,8,1.31,0
2025-09-06,P1002,8,1.14,1
2025-09-07,P1002,6,1.31,0
2025-09-08,P1002,4,1.31,0
2025-09-09,P1002,8,1.31,0
2025-09-10,P1002,5,1.31,0
2025-09-11,P1002,8,1.31,0
2025-09-12,P1002,4,1.31,0
2025-09-13,P1002,9,1.31,0
2025-09-14,P1002,7,1.31,0
2025-09-15,P1002,4,1.31,0
2025-09-16,P1002,13,1.31,0
2025-09-17,P1002,4,1.31,0
2025-09-18,P1002,6,1.31,0
2025-09-19,P1002,9,1.31,0
2025-09-20,P1002,4,1.31,0
2025-09-21,P1002,9,1.31,0
2025-09-22,P1002,4,1.31,0
2025-09-23,P1002,7,1.31,0
2025-09-24,P1002,3,1.31,0
2025-09-25,P1002,12,1.31,0
2025-07-28,P1003,24,2.17,0
2025-07-29,P1003,15,2.17,0
2025-07-30,P1003,21,2.17,0
2025-07-31,P1003,16,2.17,0
2025-08-01,P1003,18,2.17,0
2025-08-02,P1003,37,2.17,0
2025-08-03,P1003,26,2.17,0
2025-08-04,P1003,22,2.17,0
2025-08-05,P1003,15,2.17,0
2025-08-06,P1003,23,1.91,1
2025-08-07,P1003,20,2.17,0
2025-08-08,P1003,21,2.17,0
2025-08-09,P1003,25,2.17,0
2025-08-10,P1003,26,2.17,0
2025-08-11,P1003,18,2.17,0
2025-08-12,P1003,29,2.17,0
2025-08-13,P1003,21,1.99,1
2025-08-14,P1003,21,2.17,0
2025-08-15,P1003,19,2.17,0
2025-08-16,P1003,18,2.17,0
2025-08-17,P1003,24,2.17,0
2025-08-18,P1003,25,2.17,0
2025-08-19,P1003,25,1.86,1
2025-08-20,P1003,24,2.17,0
2025-08-21,P1003,14,2.17,0
2025-08-22,P1003,21,2.17,0
2025-08-23,P1003,16,2.17,0
2025-08-24,P1003,21,2.17,0
2025-08-25,P1003,24,2.17,0
2025-08-26,P1003,20,2.17,0
2025-08-27,P1003,9,2.17,0
2025-08-28,P1003,18,2.17,0
2025-08-29,P1003,19,2.17,0
2025-08-30,P1003,25,2.17,0
2025-08-31,P1003,19,2.17,0
2025-09-01,P1003,24,2.17,0
2025-09-02,P1003,16,2.17,0
2025-09-03,P1003,23,1.9,1
2025-09-04,P1003,20,2.17,0
2025-09-05,P1003,20,2.17,0
2025-09-06,P1003,25,2.17,0
2025-09-07,P1003,20,2.17,0
2025-09-08,P1003,14,2.17,0
2025-09-09,P1003,21,2.17,0
2025-09-10,P1003,21,2.17,0
2025-09-11,P1003,19,2.17,0
2025-09-12,P1003,16,2.17,0
2025-09-13,P1003,22,2.17,0
2025-09-14,P1003,23,2.17,0
2025-09-15,P1003,17,2.17,0
2025-09-16,P1003,15,2.17,0
2025-09-17,P1003,20,2.17,0
2025-09-18,P1003,27,2.17,0
2025-09-19,P1003,27,2.17,0
2025-09-20,P1003,32,2.17,0
2025-09-21,P1003,35,1.88,1
2025-09-22,P1003,19,2.17,0
2025-09-23,P1003,27,1.91,1
2025-09-24,P1003,13,2.17,0
2025-09-25,P1003,15,2.17,0
2025-07-28,P1004,23,3.8,0
2025-07-29,P1004,29,3.58,1
2025-07-30,P1004,18,3.8,0
2025-07-31,P1004,25,3.8,0
2025-08-01,P1004,28,3.8,0
2025-08-02,P1004,30,3.8,0
2025-08-03,P1004,33,3.8,0
2025-08-04,P1004,26,3.35,1
2025-08-05,P1004,21,3.8,0
2025-08-06,P1004,12,3.8,0
2025-08-07,P1004,21,3.8,0
2025-08-08,P1004,22,3.8,0
2025-08-09,P1004,24,3.8,0
2025-08-10,P1004,34,3.8,0
2025-08-11,P1004,32,3.8,0
2025-08-12,P1004,16,3.8,0
2025-08-13,P1004,21,3.8,0
2025-08-14,P1004,18,3.8,0
2025-08-15,P1004,22,3.8,0
2025-08-16,P1004,19,3.8,0
2025-08-17,P1004,25,3.8,0
2025-08-18,P1004,38,3.47,1
2025-08-19,P1004,18,3.8,0
2025-08-20,P1004,19,3.8,0
2025-08-21,P1004,27,3.8,0
2025-08-22,P1004,23,3.8,0
2025-08-23,P1004,22,3.8,0
2025-08-24,P1004,25,3.8,0
2025-08-25,P1004,21,3.8,0
2025-08-26,P1004,26,3.8,0
2025-08-27,P1004,15,3.8,0
2025-08-28,P1004,19,3.8,0
2025-08-29,P1004,15,3.8,0
2025-08-30,P1004,16,3.8,0
2025-08-31,P1004,20,3.8,0
2025-09-01,P1004,23,3.8,0
2025-09-02,P1004,21,3.8,0
2025-09-03,P1004,16,3.8,0
2025-09-04,P1004,13,3.8,0
2025-09-05,P1004,24,3.8,0
2025-09-06,P1004,27,3.8,0
2025-09-07,P1004,30,3.8,0
2025-09-08,P1004,14,3.8,0
2025-09-09,P1004,23,3.8,0
2025-09-10,P1004,16,3.8,0
2025-09-11,P1004,20,3.8,0
2025-09-12,P1004,22,3.8,0
2025-09-13,P1004,21,3.8,0
2025-09-14,P1004,32,3.8,0
2025-09-15,P1004,14,3.8,0
2025-09-16,P1004,18,3.8,0
2025-09-17,P1004,16,3.8,0
2025-09-18,P1004,24,3.8,0
2025-09-19,P1004,18,3.8,0
2025-09-20,P1004,39,3.8,0
2025-09-21,P1004,26,3.8,0
2025-09-22,P1004,23,3.8,0
2025-09-23,P1004,16,3.8,0
2025-09-24,P1004,13,3.8,0
2025-09-25,P1004,17,3.8,0
2025-07-28,P1005,14,2.06,0
2025-07-29,P1005,11,2.06,0
2025-07-30,P1005,6,2.06,0
2025-07-31,P1005,9,2.06,0
2025-08-01,P1005,13,2.06,0
2025-08-02,P1005,15,2.06,0
2025-08-03,P1005,15,2.06,0
2025-08-04,P1005,7,2.06,0
2025-08-05,P1005,8,2.06,0
2025-08-06,P1005,8,2.06,0
2025-08-07,P1005,10,2.06,0
2025-08-08,P1005,12,2.06,0
2025-08-09,P1005,15,2.06,0
2025-08-10,P1005,9,2.06,0
2025-08-11,P1005,14,2.06,0
2025-08-12,P1005,7,2.06,0
2025-08-13,P1005,3,2.06,0
2025-08-14,P1005,14,2.06,0
2025-08-15,P1005,7,1.8,1
2025-08-16,P1005,14,2.06,0
2025-08-17,P1005,11,2.06,0
2025-08-18,P1005,11,1.91,1
2025-08-19,P1005,10,2.06,0
2025-08-20,P1005,13,2.06,0
2025-08-21,P1005,11,2.06,0
2025-08-22,P1005,11,2.06,0
2025-08-23,P1005,10,2.06,0
2025-08-24,P1005,5,2.06,0
2025-08-25,P1005,14,2.06,0
2025-08-26,P1005,12,2.06,0
2025-08-27,P1005,7,2.06,0
2025-08-28,P1005,11,2.06,0
2025-08-29,P1005,10,2.06,0
2025-08-30,P1005,17,2.06,0
2025-08-31,P1005,12,2.06,0
2025-09-01,P1005,7,2.06,0
2025-09-02,P1005,6,2.06,0
2025-09-03,P1005,8,2.06,0
2025-09-04,P1005,5,2.06,0
2025-09-05,P1005,18,2.06,0
2025-09-06,P1005,14,1.84,1
2025-09-07,P1005,15,2.06,0
2025-09-08,P1005,9,2.06,0
2025-09-09,P1005,10,2.06,0
2025-09-10,P1005,12,2.06,0
2025-09-11,P1005,8,2.06,0
2025-09-12,P1005,10,2.06,0
2025-09-13,P1005,13,2.06,0
2025-09-14,P1005,15,2.06,0
2025-09-15,P1005,7,2.06,0
2025-09-16,P1005,14,2.06,0
2025-09-17,P1005,14,2.06,0
2025-09-18,P1005,7,2.06,0
2025-09-19,P1005,5,2.06,0
2025-09-20,P1005,15,2.06,0
2025-09-21,P1005,13,2.06,0
2025-09-22,P1005,8,2.06,0
2025-09-23,P1005,12,2.06,0
2025-09-24,P1005,8,2.06,0
2025-09-25,P1005,16,2.06,0
2025-07-28,P1006,11,5.41,0
2025-07-29,P1006,6,5.41,0
2025-07-30,P1006,9,5.41,0
2025-07-31,P1006,8,5.41,0
2025-08-01,P1006,16,5.41,0
2025-08-02,P1006,10,5.41,0
2025-08-03,P1006,13,5.41,0
2025-08-04,P1006,5,5.41,0
2025-08-05,P1006,7,5.41,0
2025-08-06,P1006,6,5.41,0
2025-08-07,P1006,5,5.41,0
2025-08-08,P1006,12,5.41,0
2025-08-09,P1006,4,5.41,0
2025-08-10,P1006,12,5.41,0
2025-08-11,P1006,5,5.41,0
2025-08-12,P1006,10,5.41,0
2025-08-13,P1006,6,5.41,0
2025-08-14,P1006,16,5.41,0
2025-08-15,P1006,9,5.41,0
2025-08-16,P1006,15,4.95,1
2025-08-17,P1006,9,5.41,0
2025-08-18,P1006,7,5.41,0
2025-08-19,P1006,2,5.41,0
2025-08-20,P1006,7,5.41,0
2025-08-21,P1006,14,5.41,0
2025-08-22,P1006,7,5.41,0
2025-08-23,P1006,11,5.41,0
2025-08-24,P1006,14,5.41,0
2025-08-25,P1006,10,5.41,0
2025-08-26,P1006,13,5.41,0
2025-08-27,P1006,15,5.41,0
2025-08-28,P1006,9,5.41,0
2025-08-29,P1006,7,5.41,0
2025-08-30,P1006,13,5.41,0
2025-08-31,P1006,13,5.41,0
2025-09-01,P1006,7,5.41,0
2025-09-02,P1006,8,5.41,0
2025-09-03,P1006,5,5.41,0
2025-09-04,P1006,11,5.41,0
2025-09-05,P1006,11,5.41,0
2025-09-06,P1006,12,5.41,0
2025-09-07,P1006,9,5.41,0
2025-09-08,P1006,14,4.75,1
2025-09-09,P1006,16,4.73,1
2025-09-10,P1006,12,5.41,0
2025-09-11,P1006,8,5.41,0
2025-09-12,P1006,8,5.41,0
2025-09-13,P1006,13,5.01,1
2025-09-14,P1006,14,5.41,0
2025-09-15,P1006,12,5.41,0
2025-09-16,P1006,12,4.66,1
2025-09-17,P1006,11,4.8,1
2025-09-18,P1006,7,5.41,0
2025-09-19,P1006,8,5.41,0
2025-09-20,P1006,18,4.76,1
2025-09-21,P1006,15,5.41,0
2025-09-22,P1006,9,5.41,0
2025-09-23,P1006,9,5.41,0
2025-09-24,P1006,13,5.41,0
2025-09-25,P1006,10,4.94,1
2025-07-28,P1007,2,10.18,0
2025-07-29,P1007,2,10.18,0
2025-07-30,P1007,1,10.18,0
2025-07-31,P1007,9,10.18,0
2025-08-01,P1007,2,10.18,0
2025-08-02,P1007,10,10.18,0
2025-08-03,P1007,4,10.18,0
2025-08-04,P1007,3,10.18,0
2025-08-05,P1007,3,10.18,0
2025-08-06,P1007,2,10.18,0
2025-08-07,P1007,2,10.18,0
2025-08-08,P1007,6,10.18,0
2025-08-09,P1007,3,10.18,0
2025-08-10,P1007,1,10.18,0
2025-08-11,P1007,5,10.18,0
2025-08-12,P1007,8,10.18,0
2025-08-13,P1007,3,10.18,0
2025-08-14,P1007,6,10.18,0
2025-08-15,P1007,4,10.18,0
2025-08-16,P1007,0,10.18,0
2025-08-17,P1007,3,10.18,0
2025-08-18,P1007,0,10.18,0
2025-08-19,P1007,5,10.18,0
2025-08-20,P1007,7,10.18,0
2025-08-21,P1007,3,10.18,0
2025-08-22,P1007,2,10.18,0
2025-08-23,P1007,5,10.18,0
2025-08-24,P1007,9,10.18,0
2025-08-25,P1007,8,10.18,0
2025-08-26,P1007,1,10.18,0
2025-08-27,P1007,7,9.37,1
2025-08-28,P1007,5,10.18,0
2025-08-29,P1007,5,10.18,0
2025-08-30,P1007,3,10.18,0
2025-08-31,P1007,4,10.18,0
2025-09-01,P1007,2,10.18,0
2025-09-02,P1007,1,10.18,0
2025-09-03,P1007,4,10.18,0
2025-09-04,P1007,4,10.18,0
2025-09-05,P1007,5,10.18,0
2025-09-06,P1007,3,10.18,0
2025-09-07,P1007,3,10.18,0
2025-09-08,P1007,4,10.18,0
2025-09-09,P1007,4,10.18,0
2025-09-10,P1007,3,10.18,0
2025-09-11,P1007,6,10.18,0
2025-09-12,P1007,5,10.18,0
2025-09-13,P1007,1,10.18,0
2025-09-14,P1007,5,10.18,0
2025-09-15,P1007,3,10.18,0
2025-09-16,P1007,1,10.18,0
2025-09-17,P1007,2,10.18,0
2025-09-18,P1007,5,10.18,0
2025-09-19,P1007,6,10.18,0
2025-09-20,P1007,7,10.18,0
2025-09-21,P1007,5,10.18,0
2025-09-22,P1007,1,10.18,0
2025-09-23,P1007,2,10.18,0
2025-09-24,P1007,3,10.18,0
2025-09-25,P1007,5,10.18,0
2025-07-28,P1008,13,3.56,0
2025-07-29,P1008,16,3.56,0
2025-07-30,P1008,12,3.56,0
2025-07-31,P1008,18,3.56,0
2025-08-01,P1008,13,3.56,0
2025-08-02,P1008,21,3.56,0
2025-08-03,P1008,19,3.56,0
2025-08-04,P1008,8,3.56,0
2025-08-05,P1008,14,3.56,0
2025-08-06,P1008,17,3.56,0
2025-08-07,P1008,9,3.56,0
2025-08-08,P1008,6,3.56,0
2025-08-09,P1008,25,3.56,0
2025-08-10,P1008,16,3.56,0
2025-08-11,P1008,9,3.56,0
2025-08-12,P1008,14,3.56,0
2025-08-13,P1008,7,3.56,0
2025-08-14,P1008,9,3.56,0
2025-08-15,P1008,14,3.56,0
2025-08-16,P1008,8,3.56,0
2025-08-17,P1008,19,3.56,0
2025-08-18,P1008,12,3.56,0
2025-08-19,P1008,14,3.56,0
2025-08-20,P1008,10,3.56,0
2025-08-21,P1008,7,3.56,0
2025-08-22,P1008,10,3.56,0
2025-08-23,P1008,10,3.56,0
2025-08-24,P1008,15,3.56,0
2025-08-25,P1008,6,3.56,0
2025-08-26,P1008,15,3.56,0
2025-08-27,P1008,13,3.56,0
2025-08-28,P1008,15,3.56,0
2025-08-29,P1008,13,3.56,0
2025-08-30,P1008,17,3.56,0
2025-08-31,P1008,20,3.56,0
2025-09-01,P1008,15,3.56,0
2025-09-02,P1008,14,3.56,0
2025-09-03,P1008,14,3.56,0
2025-09-04,P1008,9,3.56,0
2025-09-05,P1008,13,3.56,0
2025-09-06,P1008,13,3.56,0
2025-09-07,P1008,14,3.56,0
2025-09-08,P1008,14,3.56,0
2025-09-09,P1008,15,3.56,0
2025-09-10,P1008,15,3.56,0
2025-09-11,P1008,10,3.56,0
2025-09-12,P1008,13,3.56,0
2025-09-13,P1008,15,3.34,1
2025-09-14,P1008,13,3.56,0
2025-09-15,P1008,11,3.56,0
2025-09-16,P1008,9,3.56,0
2025-09-17,P1008,16,3.56,0
2025-09-18,P1008,9,3.56,0
2025-09-19,P1008,17,3.56,0
2025-09-20,P1008,18,3.56,0
2025-09-21,P1008,21,3.56,0
2025-09-22,P1008,10,3.56,0
2025-09-23,P1008,12,3.56,0
2025-09-24,P1008,13,3.56,0
2025-09-25,P1008,15,3.56,0
2025-07-28,P1009,3,13.18,0
2025-07-29,P1009,3,13.18,0
2025-07-30,P1009,0,13.18,0
2025-07-31,P1009,7,13.18,0
2025-08-01,P1009,4,13.18,0
2025-08-02,P1009,4,13.18,0
2025-08-03,P1009,6,13.18,0
2025-08-04,P1009,3,13.18,0
2025-08-05,P1009,5,13.18,0
2025-08-06,P1009,2,13.18,0
2025-08-07,P1009,4,13.18,0
2025-08-08,P1009,2,13.18,0
2025-08-09,P1009,2,13.18,0
2025-08-10,P1009,3,13.18,0
2025-08-11,P1009,3,13.18,0
2025-08-12,P1009,2,13.18,0
2025-08-13,P1009,3,13.18,0
2025-08-14,P1009,6,13.18,0
2025-08-15,P1009,3,13.18,0
2025-08-16,P1009,5,13.18,0
2025-08-17,P1009,3,13.18,0
2025-08-18,P1009,3,13.18,0
2025-08-19,P1009,2,13.18,0
2025-08-20,P1009,2,13.18,0
2025-08-21,P1009,2,13.18,0
2025-08-22,P1009,3,13.18,0
2025-08-23,P1009,3,13.18,0
2025-08-24,P1009,5,12.35,1
2025-08-25,P1009,1,13.18,0
2025-08-26,P1009,3,13.18,0
2025-08-27,P1009,5,13.18,0
2025-08-28,P1009,0,13.18,0
2025-08-29,P1009,5,13.18,0
2025-08-30,P1009,3,13.18,0
2025-08-31,P1009,2,13.18,0
2025-09-01,P1009,3,13.18,0
2025-09-02,P1009,5,13.18,0
2025-09-03,P1009,4,12.29,1
2025-09-04,P1009,4,13.18,0
2025-09-05,P1009,5,13.18,0
2025-09-06,P1009,4,13.18,0
2025-09-07,P1009,4,13.18,0
2025-09-08,P1009,1,13.18,0
2025-09-09,P1009,4,13.18,0
2025-09-10,P1009,5,13.18,0
2025-09-11,P1009,6,13.18,0
2025-09-12,P1009,1,13.18,0
2025-09-13,P1009,4,13.18,0
2025-09-14,P1009,3,13.18,0
2025-09-15,P1009,7,13.18,0
2025-09-16,P1009,0,13.18,0
2025-09-17,P1009,2,13.18,0
2025-09-18,P1009,1,13.18,0
2025-09-19,P1009,0,13.18,0
2025-09-20,P1009,1,13.18,0
2025-09-21,P1009,7,13.18,0
2025-09-22,P1009,3,13.18,0
2025-09-23,P1009,4,13.18,0
2025-09-24,P1009,1,13.18,0
2025-09-25,P1009,5,13.18,0
2025-07-28,P1010,6,2.84,0
2025-07-29,P1010,7,2.84,0
2025-07-30,P1010,7,2.84,0
2025-07-31,P1010,5,2.84,0
2025-08-01,P1010,16,2.53,1
2025-08-02,P1010,12,2.84,0
2025-08-03,P1010,2,2.84,0
2025-08-04,P1010,10,2.84,0
2025-08-05,P1010,7,2.84,0
2025-08-06,P1010,6,2.84,0
2025-08-07,P1010,3,2.84,0
2025-08-08,P1010,6,2.84,0
2025-08-09,P1010,4,2.84,0
2025-08-10,P1010,9,2.84,0
2025-08-11,P1010,7,2.84,0
2025-08-12,P1010,6,2.84,0
2025-08-13,P1010,7,2.84,0
2025-08-14,P1010,9,2.42,1
2025-08-15,P1010,7,2.84,0
2025-08-16,P1010,9,2.84,0
2025-08-17,P1010,13,2.84,0
2025-08-18,P1010,8,2.84,0
2025-08-19,P1010,5,2.84,0
2025-08-20,P1010,6,2.84,0
2025-08-21,P1010,12,2.84,0
2025-08-22,P1010,5,2.84,0
2025-08-23,P1010,6,2.84,0
2025-08-24,P1010,8,2.84,0
2025-08-25,P1010,5,2.84,0
2025-08-26,P1010,9,2.84,0
2025-08-27,P1010,6,2.84,0
2025-08-28,P1010,6,2.84,0
2025-08-29,P1010,1,2.84,0
2025-08-30,P1010,7,2.84,0
2025-08-31,P1010,6,2.84,0
2025-09-01,P1010,11,2.84,0
2025-09-02,P1010,9,2.84,0
2025-09-03,P1010,6,2.84,0
2025-09-04,P1010,2,2.84,0
2025-09-05,P1010,6,2.84,0
2025-09-06,P1010,12,2.84,0
2025-09-07,P1010,13,2.63,1
2025-09-08,P1010,9,2.84,0
2025-09-09,P1010,6,2.84,0
2025-09-10,P1010,9,2.84,0
2025-09-11,P1010,5,2.84,0
2025-09-12,P1010,8,2.84,0
2025-09-13,P1010,6,2.84,0
2025-09-14,P1010,12,2.84,0
2025-09-15,P1010,11,2.53,1
2025-09-16,P1010,6,2.84,0
2025-09-17,P1010,16,2.65,1
2025-09-18,P1010,6,2.84,0
2025-09-19,P1010,5,2.84,0
2025-09-20,P1010,8,2.84,0
2025-09-21,P1010,11,2.47,1
2025-09-22,P1010,4,2.84,0
2025-09-23,P1010,8,2.84,0
2025-09-24,P1010,4,2.84,0
2025-09-25,P1010,7,2.84,0
2025-07-28,P1011,15,3.52,0
2025-07-29,P1011,12,3.52,0
2025-07-30,P1011,13,3.52,0
2025-07-31,P1011,11,3.52,0
2025-08-01,P1011,13,3.52,0
2025-08-02,P1011,26,3.52,0
2025-08-03,P1011,18,3.52,0
2025-08-04,P1011,17,3.52,0
2025-08-05,P1011,10,3.52,0
2025-08-06,P1011,14,3.52,0
2025-08-07,P1011,11,3.52,0
2025-08-08,P1011,11,3.52,0
2025-08-09,P1011,21,3.52,0
2025-08-10,P1011,19,3.52,0
2025-08-11,P1011,15,3.52,0
2025-08-12,P1011,15,3.52,0
2025-08-13,P1011,15,3.17,1
2025-08-14,P1011,21,3.52,0
2025-08-15,P1011,16,3.52,0
2025-08-16,P1011,25,3.52,0
2025-08-17,P1011,18,3.52,0
2025-08-18,P1011,14,3.52,0
2025-08-19,P1011,12,3.52,0
2025-08-20,P1011,12,3.52,0
2025-08-21,P1011,17,3.52,0
2025-08-22,P1011,14,3.52,0
2025-08-23,P1011,22,3.52,0
2025-08-24,P1011,25,3.52,0
2025-08-25,P1011,6,3.52,0
2025-08-26,P1011,12,3.52,0
2025-08-27,P1011,18,3.52,0
2025-08-28,P1011,13,3.52,0
2025-08-29,P1011,12,3.52,0
2025-08-30,P1011,32,3.52,0
2025-08-31,P1011,20,3.52,0
2025-09-01,P1011,12,3.52,0
2025-09-02,P1011,12,3.52,0
2025-09-03,P1011,13,3.52,0
2025-09-04,P1011,15,3.52,0
2025-09-05,P1011,8,3.52,0
2025-09-06,P1011,24,3.52,0
2025-09-07,P1011,24,3.52,0
2025-09-08,P1011,18,3.52,0
2025-09-09,P1011,15,3.52,0
2025-09-10,P1011,19,3.52,0
2025-09-11,P1011,18,3.52,0
2025-09-12,P1011,14,3.52,0
2025-09-13,P1011,20,3.52,0
2025-09-14,P1011,13,3.52,0
2025-09-15,P1011,20,3.52,0
2025-09-16,P1011,14,3.52,0
2025-09-17,P1011,17,3.52,0
2025-09-18,P1011,18,3.52,0
2025-09-19,P1011,18,3.52,0
2025-09-20,P1011,14,3.52,0
2025-09-21,P1011,27,3.33,1
2025-09-22,P1011,22,3.52,0
2025-09-23,P1011,11,3.52,0
2025-09-24,P1011,13,3.52,0
2025-09-25,P1011,14,3.52,0
2025-07-28,P1012,15,4.1,0
2025-07-29,P1012,19,4.1,0
2025-07-30,P1012,26,4.1,0
2025-07-31,P1012,16,4.1,0
2025-08-01,P1012,19,4.1,0
2025-08-02,P1012,30,3.57,1
2025-08-03,P1012,17,4.1,0
2025-08-04,P1012,26,4.1,0
2025-08-05,P1012,16,4.1,0
2025-08-06,P1012,14,4.1,0
2025-08-07,P1012,12,4.1,0
2025-08-08,P1012,22,4.1,0
2025-08-09,P1012,25,4.1,0
2025-08-10,P1012,38,3.8,1
2025-08-11,P1012,26,4.1,0
2025-08-12,P1012,17,4.1,0
2025-08-13,P1012,15,4.1,0
2025-08-14,P1012,19,4.1,0
2025-08-15,P1012,19,4.1,0
2025-08-16,P1012,13,4.1,0
2025-08-17,P1012,18,4.1,0
2025-08-18,P1012,12,4.1,0
2025-08-19,P1012,26,4.1,0
2025-08-20,P1012,15,4.1,0
2025-08-21,P1012,25,4.1,0
2025-08-22,P1012,18,4.1,0
2025-08-23,P1012,25,4.1,0
2025-08-24,P1012,23,4.1,0
2025-08-25,P1012,23,4.1,0
2025-08-26,P1012,18,4.1,0
2025-08-27,P1012,16,4.1,0
2025-08-28,P1012,28,4.1,0
2025-08-29,P1012,25,4.1,0
2025-08-30,P1012,27,4.1,0
2025-08-31,P1012,20,4.1,0
2025-09-01,P1012,20,4.1,0
2025-09-02,P1012,15,4.1,0
2025-09-03,P1012,20,4.1,0
2025-09-04,P1012,15,4.1,0
2025-09-05,P1012,19,4.1,0
2025-09-06,P1012,20,4.1,0
2025-09-07,P1012,24,4.1,0
2025-09-08,P1012,12,4.1,0
2025-09-09,P1012,34,4.1,0
2025-09-10,P1012,27,4.1,0
2025-09-11,P1012,18,4.1,0
2025-09-12,P1012,31,4.1,0
2025-09-13,P1012,14,4.1,0
2025-09-14,P1012,23,4.1,0
2025-09-15,P1012,21,4.1,0
2025-09-16,P1012,25,4.1,0
2025-09-17,P1012,24,4.1,0
2025-09-18,P1012,23,4.1,0
2025-09-19,P1012,20,4.1,0
2025-09-20,P1012,24,4.1,0
2025-09-21,P1012,19,4.1,0
2025-09-22,P1012,17,4.1,0
2025-09-23,P1012,30,4.1,0
2025-09-24,P1012,20,4.1,0
2025-09-25,P1012,13,4.1,0
2025-07-28,P1013,12,3.2,0
2025-07-29,P1013,11,3.2,0
2025-07-30,P1013,6,3.2,0
2025-07-31,P1013,9,3.2,0
2025-08-01,P1013,12,3.2,0
2025-08-02,P1013,11,3.2,0
2025-08-03,P1013,14,3.2,0
2025-08-04,P1013,10,3.2,0
2025-08-05,P1013,5,3.2,0
2025-08-06,P1013,7,3.2,0
2025-08-07,P1013,4,3.2,0
2025-08-08,P1013,4,3.2,0
2025-08-09,P1013,14,2.86,1
2025-08-10,P1013,12,3.2,0
2025-08-11,P1013,9,3.2,0
2025-08-12,P1013,5,3.2,0
2025-08-13,P1013,10,3.2,0
2025-08-14,P1013,8,3.2,0
2025-08-15,P1013,6,3.2,0
2025-08-16,P1013,13,2.73,1
2025-08-17,P1013,11,3.2,0
2025-08-18,P1013,12,3.2,0
2025-08-19,P1013,10,3.2,0
2025-08-20,P1013,9,3.2,0
2025-08-21,P1013,6,3.2,0
2025-08-22,P1013,6,3.2,0
2025-08-23,P1013,16,3.2,0
2025-08-24,P1013,15,3.2,0
2025-08-25,P1013,8,3.2,0
2025-08-26,P1013,8,3.2,0
2025-08-27,P1013,6,3.2,0
2025-08-28,P1013,6,2.97,1
2025-08-29,P1013,14,3.2,0
2025-08-30,P1013,8,3.2,0
2025-08-31,P1013,8,2.91,1
2025-09-01,P1013,9,3.2,0
2025-09-02,P1013,4,3.2,0
2025-09-03,P1013,12,3.2,0
2025-09-04,P1013,12,3.2,0
2025-09-05,P1013,4,3.2,0
2025-09-06,P1013,11,3.2,0
2025-09-07,P1013,12,3.2,0
2025-09-08,P1013,7,3.2,0
2025-09-09,P1013,8,3.2,0
2025-09-10,P1013,8,3.2,0
2025-09-11,P1013,10,2.99,1
2025-09-12,P1013,5,3.2,0
2025-09-13,P1013,10,3.2,0
2025-09-14,P1013,9,3.2,0
2025-09-15,P1013,13,3.2,0
2025-09-16,P1013,9,3.2,0
2025-09-17,P1013,8,3.2,0
2025-09-18,P1013,9,3.2,0
2025-09-19,P1013,7,3.2,0
2025-09-20,P1013,8,3.2,0
2025-09-21,P1013,10,3.2,0
2025-09-22,P1013,9,3.2,0
2025-09-23,P1013,10,3.2,0
2025-09-24,P1013,8,3.2,0
2025-09-25,P1013,6,3.2,0
2025-07-28,P1014,13,3.78,0
2025-07-29,P1014,10,3.78,0
2025-07-30,P1014,10,3.78,0
2025-07-31,P1014,17,3.78,0
2025-08-01,P1014,15,3.53,1
2025-08-02,P1014,19,3.78,0
2025-08-03,P1014,11,3.78,0
2025-08-04,P1014,14,3.78,0
2025-08-05,P1014,13,3.78,0
2025-08-06,P1014,13,3.78,0
2025-08-07,P1014,10,3.78,0
2025-08-08,P1014,8,3.78,0
2025-08-09,P1014,18,3.78,0
2025-08-10,P1014,21,3.78,0
2025-08-11,P1014,22,3.78,0
2025-08-12,P1014,15,3.78,0
2025-08-13,P1014,18,3.78,0
2025-08-14,P1014,7,3.78,0
2025-08-15,P1014,14,3.78,0
2025-08-16,P1014,16,3.78,0
2025-08-17,P1014,15,3.78,0
2025-08-18,P1014,19,3.78,0
2025-08-19,P1014,16,3.78,0
2025-08-20,P1014,6,3.78,0
2025-08-21,P1014,15,3.78,0
2025-08-22,P1014,8,3.78,0
2025-08-23,P1014,19,3.78,0
2025-08-24,P1014,18,3.78,0
2025-08-25,P1014,18,3.78,0
2025-08-26,P1014,9,3.78,0
2025-08-27,P1014,10,3.78,0
2025-08-28,P1014,17,3.78,0
2025-08-29,P1014,12,3.78,0
2025-08-30,P1014,25,3.78,0
2025-08-31,P1014,14,3.78,0
2025-09-01,P1014,13,3.78,0
2025-09-02,P1014,13,3.78,0
2025-09-03,P1014,15,3.78,0
2025-09-04,P1014,10,3.78,0
2025-09-05,P1014,11,3.78,0
2025-09-06,P1014,17,3.78,0
2025-09-07,P1014,25,3.78,0
2025-09-08,P1014,10,3.78,0
2025-09-09,P1014,14,3.78,0
2025-09-10,P1014,15,3.78,0
2025-09-11,P1014,14,3.26,1
2025-09-12,P1014,15,3.78,0
2025-09-13,P1014,8,3.78,0
2025-09-14,P1014,16,3.78,0
2025-09-15,P1014,13,3.78,0
2025-09-16,P1014,14,3.78,0
2025-09-17,P1014,9,3.78,0
2025-09-18,P1014,13,3.78,0
2025-09-19,P1014,19,3.78,0
2025-09-20,P1014,18,3.78,0
2025-09-21,P1014,22,3.37,1
2025-09-22,P1014,17,3.78,0
2025-09-23,P1014,13,3.78,0
2025-09-24,P1014,17,3.78,0
2025-09-25,P1014,9,3.78,0
2025-07-28,P1015,15,3.82,0
2025-07-29,P1015,12,3.82,0
2025-07-30,P1015,17,3.82,0
2025-07-31,P1015,14,3.82,0
2025-08-01,P1015,6,3.82,0
2025-08-02,P1015,11,3.82,0
2025-08-03,P1015,17,3.82,0
2025-08-04,P1015,9,3.82,0
2025-08-05,P1015,7,3.82,0
2025-08-06,P1015,14,3.82,0
2025-08-07,P1015,6,3.82,0
2025-08-08,P1015,10,3.82,0
2025-08-09,P1015,12,3.82,0
2025-08-10,P1015,25,3.82,0
2025-08-11,P1015,18,3.51,1
2025-08-12,P1015,12,3.82,0
2025-08-13,P1015,11,3.82,0
2025-08-14,P1015,20,3.82,0
2025-08-15,P1015,9,3.82,0
2025-08-16,P1015,25,3.82,0
2025-08-17,P1015,14,3.82,0
2025-08-18,P1015,3,3.82,0
2025-08-19,P1015,14,3.82,0
2025-08-20,P1015,12,3.82,0
2025-08-21,P1015,15,3.82,0
2025-08-22,P1015,12,3.82,0
2025-08-23,P1015,9,3.82,0
2025-08-24,P1015,14,3.82,0
2025-08-25,P1015,13,3.82,0
2025-08-26,P1015,6,3.82,0
2025-08-27,P1015,7,3.82,0
2025-08-28,P1015,9,3.82,0
2025-08-29,P1015,8,3.82,0
2025-08-30,P1015,21,3.82,0
2025-08-31,P1015,9,3.82,0
2025-09-01,P1015,12,3.82,0
2025-09-02,P1015,21,3.82,0
2025-09-03,P1015,11,3.82,0
2025-09-04,P1015,15,3.82,0
2025-09-05,P1015,12,3.82,0
2025-09-06,P1015,13,3.82,0
2025-09-07,P1015,12,3.82,0
2025-09-08,P1015,12,3.82,0
2025-09-09,P1015,20,3.82,0
2025-09-10,P1015,11,3.82,0
2025-09-11,P1015,14,3.82,0
2025-09-12,P1015,14,3.82,0
2025-09-13,P1015,21,3.82,0
2025-09-14,P1015,21,3.82,0
2025-09-15,P1015,5,3.82,0
2025-09-16,P1015,13,3.82,0
2025-09-17,P1015,14,3.82,0
2025-09-18,P1015,13,3.63,1
2025-09-19,P1015,10,3.82,0
2025-09-20,P1015,14,3.82,0
2025-09-21,P1015,15,3.82,0
2025-09-22,P1015,14,3.82,0
2025-09-23,P1015,12,3.82,0
2025-09-24,P1015,7,3.82,0
2025-09-25,P1015,8,3.82,0
2025-07-28,P1016,3,8.78,0
2025-07-29,P1016,0,8.78,0
2025-07-30,P1016,4,8.2,1
2025-07-31,P1016,1,8.78,0
2025-08-01,P1016,3,8.17,1
2025-08-02,P1016,5,8.78,0
2025-08-03,P1016,4,8.78,0
2025-08-04,P1016,2,8.78,0
2025-08-05,P1016,4,8.78,0
2025-08-06,P1016,3,8.78,0
2025-08-07,P1016,4,8.78,0
2025-08-08,P1016,2,8.78,0
2025-08-09,P1016,7,8.78,0
2025-08-10,P1016,4,8.78,0
2025-08-11,P1016,5,7.81,1
2025-08-12,P1016,5,8.78,0
2025-08-13,P1016,2,8.78,0
2025-08-14,P1016,3,8.78,0
2025-08-15,P1016,5,8.78,0
2025-08-16,P1016,5,8.78,0
2025-08-17,P1016,6,8.78,0
2025-08-18,P1016,4,8.78,0
2025-08-19,P1016,5,8.78,0
2025-08-20,P1016,2,8.78,0
2025-08-21,P1016,2,8.78,0
2025-08-22,P1016,3,8.78,0
2025-08-23,P1016,3,8.78,0
2025-08-24,P1016,2,8.78,0
2025-08-25,P1016,1,8.78,0
2025-08-26,P1016,6,7.96,1
2025-08-27,P1016,4,8.78,0
2025-08-28,P1016,4,8.78,0
2025-08-29,P1016,5,8.78,0
2025-08-30,P1016,5,8.78,0
2025-08-31,P1016,5,8.78,0
2025-09-01,P1016,3,8.78,0
2025-09-02,P1016,3,8.78,0
2025-09-03,P1016,2,8.78,0
2025-09-04,P1016,4,8.78,0
2025-09-05,P1016,3,8.78,0
2025-09-06,P1016,6,8.78,0
2025-09-07,P1016,1,8.78,0
2025-09-08,P1016,4,7.99,1
2025-09-09,P1016,3,8.78,0
2025-09-10,P1016,1,8.78,0
2025-09-11,P1016,3,8.78,0
2025-09-12,P1016,9,8.78,0
2025-09-13,P1016,3,8.78,0
2025-09-14,P1016,5,8.78,0
2025-09-15,P1016,3,8.78,0
2025-09-16,P1016,1,8.78,0
2025-09-17,P1016,6,7.54,1
2025-09-18,P1016,5,8.78,0
2025-09-19,P1016,2,8.78,0
2025-09-20,P1016,5,8.2,1
2025-09-21,P1016,5,8.78,0
2025-09-22,P1016,2,8.78,0
2025-09-23,P1016,4,8.78,0
2025-09-24,P1016,1,8.78,0
2025-09-25,P1016,2,8.78,0
2025-07-28,P1017,4,19.59,0
2025-07-29,P1017,3,19.59,0
2025-07-30,P1017,5,19.59,0
2025-07-31,P1017,6,17.03,1
2025-08-01,P1017,6,19.59,0
2025-08-02,P1017,6,19.59,0
2025-08-03,P1017,4,19.59,0
2025-08-04,P1017,5,19.59,0
2025-08-05,P1017,4,19.59,0
2025-08-06,P1017,3,19.59,0
2025-08-07,P1017,6,19.59,0
2025-08-08,P1017,2,19.59,0
2025-08-09,P1017,3,19.59,0
2025-08-10,P1017,5,19.59,0
2025-08-11,P1017,1,19.59,0
2025-08-12,P1017,4,19.59,0
2025-08-13,P1017,2,19.59,0
2025-08-14,P1017,2,19.59,0
2025-08-15,P1017,6,19.59,0
2025-08-16,P1017,8,19.59,0
2025-08-17,P1017,4,19.59,0
2025-08-18,P1017,3,19.59,0
2025-08-19,P1017,2,19.59,0
2025-08-20,P1017,3,19.59,0
2025-08-21,P1017,0,19.59,0
2025-08-22,P1017,1,19.59,0
2025-08-23,P1017,5,19.59,0
2025-08-24,P1017,2,19.59,0
2025-08-25,P1017,4,19.59,0
2025-08-26,P1017,6,19.59,0
2025-08-27,P1017,2,19.59,0
2025-08-28,P1017,2,19.59,0
2025-08-29,P1017,8,19.59,0
2025-08-30,P1017,4,19.59,0
2025-08-31,P1017,7,16.87,1
2025-09-01,P1017,6,16.68,1
2025-09-02,P1017,4,19.59,0
2025-09-03,P1017,2,19.59,0
2025-09-04,P1017,4,19.59,0
2025-09-05,P1017,1,19.59,0
2025-09-06,P1017,4,19.59,0
2025-09-07,P1017,2,19.59,0
2025-09-08,P1017,3,19.59,0
2025-09-09,P1017,2,19.59,0
2025-09-10,P1017,3,19.59,0
2025-09-11,P1017,3,19.59,0
2025-09-12,P1017,3,19.59,0
2025-09-13,P1017,3,19.59,0
2025-09-14,P1017,5,19.59,0
2025-09-15,P1017,2,19.59,0
2025-09-16,P1017,1,19.59,0
2025-09-17,P1017,4,19.59,0
2025-09-18,P1017,5,19.59,0
2025-09-19,P1017,1,19.59,0
2025-09-20,P1017,3,19.59,0
2025-09-21,P1017,6,19.59,0
2025-09-22,P1017,2,19.59,0
2025-09-23,P1017,1,19.59,0
2025-09-24,P1017,1,19.59,0
2025-09-25,P1017,8,19.59,0
2025-07-28,P1018,12,3.57,0
2025-07-29,P1018,12,3.57,0
2025-07-30,P1018,4,3.57,0
2025-07-31,P1018,11,3.57,0
2025-08-01,P1018,10,3.57,0
2025-08-02,P1018,16,3.57,0
2025-08-03,P1018,19,3.57,0
2025-08-04,P1018,15,3.57,0
2025-08-05,P1018,9,3.57,0
2025-08-06,P1018,10,3.57,0
2025-08-07,P1018,7,3.57,0
2025-08-08,P1018,17,3.57,0
2025-08-09,P1018,17,3.39,1
2025-08-10,P1018,18,3.57,0
2025-08-11,P1018,10,3.57,0
2025-08-12,P1018,16,3.57,0
2025-08-13,P1018,20,3.57,0
2025-08-14,P1018,16,3.11,1
2025-08-15,P1018,13,3.57,0
2025-08-16,P1018,12,3.57,0
2025-08-17,P1018,18,3.57,0
2025-08-18,P1018,15,3.57,0
2025-08-19,P1018,9,3.57,0
2025-08-20,P1018,6,3.57,0
2025-08-21,P1018,13,3.57,0
2025-08-22,P1018,16,3.57,0
2025-08-23,P1018,17,3.57,0
2025-08-24,P1018,21,3.57,0
2025-08-25,P1018,13,3.57,0
2025-08-26,P1018,17,3.57,0
2025-08-27,P1018,13,3.57,0
2025-08-28,P1018,20,3.12,1
2025-08-29,P1018,12,3.57,0
2025-08-30,P1018,20,3.57,0
2025-08-31,P1018,23,3.57,0
2025-09-01,P1018,12,3.57,0
2025-09-02,P1018,10,3.57,0
2025-09-03,P1018,14,3.57,0
2025-09-04,P1018,17,3.57,0
2025-09-05,P1018,21,3.57,0
2025-09-06,P1018,20,3.57,0
2025-09-07,P1018,19,3.57,0
2025-09-08,P1018,11,3.57,0
2025-09-09,P1018,11,3.57,0
2025-09-10,P1018,15,3.57,0
2025-09-11,P1018,15,3.34,1
2025-09-12,P1018,17,3.57,0
2025-09-13,P1018,20,3.57,0
2025-09-14,P1018,15,3.57,0
2025-09-15,P1018,20,3.57,0
2025-09-16,P1018,14,3.57,0
2025-09-17,P1018,9,3.57,0
2025-09-18,P1018,21,3.57,0
2025-09-19,P1018,8,3.57,0
2025-09-20,P1018,19,3.57,0
2025-09-21,P1018,15,3.57,0
2025-09-22,P1018,10,3.57,0
2025-09-23,P1018,11,3.57,0
2025-09-24,P1018,13,3.23,1
2025-09-25,P1018,15,3.57,0
2025-07-28,P1019,3,16.21,0
2025-07-29,P1019,6,16.21,0
2025-07-30,P1019,4,16.21,0
2025-07-31,P1019,6,16.21,0
2025-08-01,P1019,5,16.21,0
2025-08-02,P1019,8,16.21,0
2025-08-03,P1019,6,16.21,0
2025-08-04,P1019,6,16.21,0
2025-08-05,P1019,4,16.21,0
2025-08-06,P1019,5,16.21,0
2025-08-07,P1019,7,16.21,0
2025-08-08,P1019,9,14.21,1
2025-08-09,P1019,4,16.21,0
2025-08-10,P1019,11,16.21,0
2025-08-11,P1019,4,16.21,0
2025-08-12,P1019,3,16.21,0
2025-08-13,P1019,5,16.21,0
2025-08-14,P1019,5,15.09,1
2025-08-15,P1019,7,16.21,0
2025-08-16,P1019,7,16.21,0
2025-08-17,P1019,6,16.21,0
2025-08-18,P1019,4,16.21,0
2025-08-19,P1019,4,16.21,0
2025-08-20,P1019,5,16.21,0
2025-08-21,P1019,7,16.21,0
2025-08-22,P1019,8,16.21,0
2025-08-23,P1019,4,16.21,0
2025-08-24,P1019,8,16.21,0
2025-08-25,P1019,5,16.21,0
2025-08-26,P1019,5,16.21,0
2025-08-27,P1019,6,16.21,0
2025-08-28,P1019,3,16.21,0
2025-08-29,P1019,7,16.21,0
2025-08-30,P1019,8,16.21,0
2025-08-31,P1019,4,16.21,0
2025-09-01,P1019,7,16.21,0
2025-09-02,P1019,7,16.21,0
2025-09-03,P1019,3,14.37,1
2025-09-04,P1019,5,16.21,0
2025-09-05,P1019,5,16.21,0
2025-09-06,P1019,4,16.21,0
2025-09-07,P1019,8,16.21,0
2025-09-08,P1019,4,16.21,0
2025-09-09,P1019,9,16.21,0
2025-09-10,P1019,5,16.21,0
2025-09-11,P1019,1,16.21,0
2025-09-12,P1019,5,16.21,0
2025-09-13,P1019,2,16.21,0
2025-09-14,P1019,9,16.21,0
2025-09-15,P1019,11,16.21,0
2025-09-16,P1019,6,16.21,0
2025-09-17,P1019,5,16.21,0
2025-09-18,P1019,6,16.21,0
2025-09-19,P1019,4,16.21,0
2025-09-20,P1019,8,16.21,0
2025-09-21,P1019,6,16.21,0
2025-09-22,P1019,4,16.21,0
2025-09-23,P1019,5,16.21,0
2025-09-24,P1019,4,16.21,0
2025-09-25,P1019,5,16.21,0
